,t_start,t_end,t_space_start,t_space_end
1,1,258,353315844.996973,353328744.996973
2,262,375,353328894.996973,353334594.996973
3,831,887,353357344.996973,353360194.996973
4,891,901,353360344.996973,353360894.996973
5,1004,1033,353365994.996973,353367494.996973
6,1255,1259,353378544.996973,353378794.996973
7,1561,1576,353393844.996973,353394644.996973
